Date,From,From IP,To,To_IP,Ping Time,TTL
5/30/2023,aman-near-ralphs,70.95.167.232,ucsd.edu,75.2.44.127,49.129,119
5/30/2023,aman-near-ralphs,70.95.167.232,ucsd.edu,75.2.44.127,23.141,119
5/30/2023,aman-near-ralphs,70.95.167.232,ucsd.edu,75.2.44.127,38.872,119
5/30/2023,aman-near-ralphs,70.95.167.232,ucsd.edu,75.2.44.127,53.341,119
5/30/2023,aman-near-ralphs,70.95.167.232,ucsd.edu,75.2.44.127,155.506,119
5/30/2023,aman-near-ralphs,70.95.167.232,ucsd.edu,75.2.44.127,61.235,119
5/30/2023,aman-near-ralphs,70.95.167.232,ucsd.edu,75.2.44.127,16.991,119
5/30/2023,aman-near-ralphs,70.95.167.232,ucsd.edu,75.2.44.127,18.913,119
5/30/2023,aman-near-ralphs,70.95.167.232,ucsd.edu,75.2.44.127,20.285,119
5/30/2023,aman-near-ralphs,70.95.167.232,ucsd.edu,75.2.44.127,19.046,119
5/30/2023,aman-near-ralphs,70.95.167.232,ucsd.edu,75.2.44.127,21.614,119
5/30/2023,aman-near-ralphs,70.95.167.232,ucsd.edu,75.2.44.127,20.337,119
5/30/2023,aman-near-ralphs,70.95.167.232,ucsd.edu,75.2.44.127,16.508,119
5/30/2023,aman-near-ralphs,70.95.167.232,ucsd.edu,75.2.44.127,20.316,119
5/30/2023,aman-near-ralphs,70.95.167.232,ucsd.edu,75.2.44.127,17.028,119
5/30/2023,aman-near-ralphs,70.95.167.232,ieng6.ucsd.edu,128.54.70.238,52.242,50
5/30/2023,aman-near-ralphs,70.95.167.232,ieng6.ucsd.edu,128.54.70.238,21.236,50
5/30/2023,aman-near-ralphs,70.95.167.232,ieng6.ucsd.edu,128.54.70.238,464.893,50
5/30/2023,aman-near-ralphs,70.95.167.232,ieng6.ucsd.edu,128.54.70.238,67.659,50
5/30/2023,aman-near-ralphs,70.95.167.232,ieng6.ucsd.edu,128.54.70.238,102.715,50
5/30/2023,aman-near-ralphs,70.95.167.232,ieng6.ucsd.edu,128.54.70.238,27.931,50
5/30/2023,aman-near-ralphs,70.95.167.232,ieng6.ucsd.edu,128.54.70.238,22.566,50
5/30/2023,aman-near-ralphs,70.95.167.232,ieng6.ucsd.edu,128.54.70.238,23.527,50
5/30/2023,aman-near-ralphs,70.95.167.232,ieng6.ucsd.edu,128.54.70.238,20.220,50
5/30/2023,aman-near-ralphs,70.95.167.232,ieng6.ucsd.edu,128.54.70.238,19.908,50
5/30/2023,aman-near-ralphs,70.95.167.232,ieng6.ucsd.edu,128.54.70.238,23.289,50
5/30/2023,aman-near-ralphs,70.95.167.232,ieng6.ucsd.edu,128.54.70.238,21.289,50
5/30/2023,aman-near-ralphs,70.95.167.232,ieng6.ucsd.edu,128.54.70.238,20.309,50
5/30/2023,aman-near-ralphs,70.95.167.232,ieng6.ucsd.edu,128.54.70.238,23.123,50
5/30/2023,aman-near-ralphs,70.95.167.232,ieng6.ucsd.edu,128.54.70.238,21.390,50
5/30/2023,aman-near-ralphs,70.95.167.232,ucsd.edu,75.2.44.127,58.632,119
5/30/2023,aman-near-ralphs,70.95.167.232,ucsd.edu,75.2.44.127,25.004,119
5/30/2023,aman-near-ralphs,70.95.167.232,ucsd.edu,75.2.44.127,19.510,119
5/30/2023,aman-near-ralphs,70.95.167.232,ucsd.edu,75.2.44.127,18.592,119
5/30/2023,aman-near-ralphs,70.95.167.232,ucsd.edu,75.2.44.127,20.637,119
5/30/2023,aman-near-ralphs,70.95.167.232,ucsd.edu,75.2.44.127,20.546,119
5/30/2023,aman-near-ralphs,70.95.167.232,ucsd.edu,75.2.44.127,16.850,119
5/30/2023,aman-near-ralphs,70.95.167.232,ucsd.edu,75.2.44.127,20.315,119
5/30/2023,aman-near-ralphs,70.95.167.232,ucsd.edu,75.2.44.127,19.437,119
5/30/2023,aman-near-ralphs,70.95.167.232,ucsd.edu,75.2.44.127,19.869,119
5/30/2023,aman-near-ralphs,70.95.167.232,ucsd.edu,75.2.44.127,21.793,119
5/30/2023,aman-near-ralphs,70.95.167.232,ucsd.edu,75.2.44.127,17.723,119
5/30/2023,aman-near-ralphs,70.95.167.232,ucsd.edu,75.2.44.127,158.983,119
5/30/2023,aman-near-ralphs,70.95.167.232,ucsd.edu,75.2.44.127,85.844,119
5/30/2023,aman-near-ralphs,70.95.167.232,ucsd.edu,75.2.44.127,18.039,119
5/30/2023,aman-near-ralphs,70.95.167.232,ieng6.ucsd.edu,128.54.70.238,72.928,50
5/30/2023,aman-near-ralphs,70.95.167.232,ieng6.ucsd.edu,128.54.70.238,18.974,50
5/30/2023,aman-near-ralphs,70.95.167.232,ieng6.ucsd.edu,128.54.70.238,24.034,50
5/30/2023,aman-near-ralphs,70.95.167.232,ieng6.ucsd.edu,128.54.70.238,20.755,50
5/30/2023,aman-near-ralphs,70.95.167.232,ieng6.ucsd.edu,128.54.70.238,20.383,50
5/30/2023,aman-near-ralphs,70.95.167.232,ieng6.ucsd.edu,128.54.70.238,24.200,50
5/30/2023,aman-near-ralphs,70.95.167.232,ieng6.ucsd.edu,128.54.70.238,25.526,50
5/30/2023,aman-near-ralphs,70.95.167.232,ieng6.ucsd.edu,128.54.70.238,19.433,50
5/30/2023,aman-near-ralphs,70.95.167.232,ieng6.ucsd.edu,128.54.70.238,25.112,50
5/30/2023,aman-near-ralphs,70.95.167.232,ieng6.ucsd.edu,128.54.70.238,22.108,50
5/30/2023,aman-near-ralphs,70.95.167.232,ieng6.ucsd.edu,128.54.70.238,27.834,50
5/30/2023,aman-near-ralphs,70.95.167.232,ieng6.ucsd.edu,128.54.70.238,41.403,50
5/30/2023,aman-near-ralphs,70.95.167.232,ieng6.ucsd.edu,128.54.70.238,136.084,50
5/30/2023,aman-near-ralphs,70.95.167.232,ieng6.ucsd.edu,128.54.70.238,64.771,50
5/30/2023,aman-near-ralphs,70.95.167.232,ieng6.ucsd.edu,128.54.70.238,20.236,50
5/30/2023,aman-near-ralphs,70.95.167.232,24.43.123.71,24.43.123.71,52.328,57
5/30/2023,aman-near-ralphs,70.95.167.232,24.43.123.71,24.43.123.71,13.915,57
5/30/2023,aman-near-ralphs,70.95.167.232,24.43.123.71,24.43.123.71,13.998,57
5/30/2023,aman-near-ralphs,70.95.167.232,24.43.123.71,24.43.123.71,16.133,57
5/30/2023,aman-near-ralphs,70.95.167.232,24.43.123.71,24.43.123.71,15.758,57
5/30/2023,aman-near-ralphs,70.95.167.232,24.43.123.71,24.43.123.71,17.879,57
5/30/2023,aman-near-ralphs,70.95.167.232,24.43.123.71,24.43.123.71,16.369,57
5/30/2023,aman-near-ralphs,70.95.167.232,24.43.123.71,24.43.123.71,13.034,57
5/30/2023,aman-near-ralphs,70.95.167.232,24.43.123.71,24.43.123.71,14.499,57
5/30/2023,aman-near-ralphs,70.95.167.232,24.43.123.71,24.43.123.71,14.923,57
5/30/2023,aman-near-ralphs,70.95.167.232,24.43.123.71,24.43.123.71,28.919,57
5/30/2023,aman-near-ralphs,70.95.167.232,24.43.123.71,24.43.123.71,203.995,57
5/30/2023,aman-near-ralphs,70.95.167.232,24.43.123.71,24.43.123.71,78.829,57
5/30/2023,aman-near-ralphs,70.95.167.232,24.43.123.71,24.43.123.71,50.069,57
5/30/2023,aman-near-ralphs,70.95.167.232,24.43.123.71,24.43.123.71,14.414,57
5/26/2023,sanidli-ak,Unknown,ucsd.edu,99.83.137.54,19,118
5/26/2023,sanidli-ak,Unknown,ucsd.edu,99.83.137.54,43,118
5/26/2023,sanidli-ak,Unknown,ucsd.edu,99.83.137.54,24,118
5/26/2023,sanidli-ak,Unknown,ucsd.edu,99.83.137.54,21,118
5/26/2023,sanidli-ak,Unknown,ucsd.edu,99.83.137.54,19,118
5/26/2023,sanidli-ak,Unknown,ucsd.edu,99.83.137.54,90,118
5/26/2023,sanidli-ak,Unknown,ucsd.edu,99.83.137.54,20,118
5/26/2023,sanidli-ak,Unknown,ucsd.edu,99.83.137.54,19,118
5/26/2023,sanidli-ak,Unknown,ucsd.edu,99.83.137.54,19,118
5/26/2023,sanidli-ak,Unknown,ucsd.edu,99.83.137.54,18,118
5/26/2023,sanidli-ak,Unknown,ucsd.edu,99.83.137.54,23,118
5/26/2023,sanidli-ak,Unknown,ucsd.edu,99.83.137.54,22,118
5/26/2023,sanidli-ak,Unknown,ucsd.edu,99.83.137.54,36,118
5/26/2023,sanidli-ak,Unknown,ucsd.edu,99.83.137.54,23,118
5/26/2023,sanidli-ak,Unknown,ucsd.edu,99.83.137.54,22,118
5/26/2023,sanidli-ak,Unknown,ucsd.edu,99.83.137.54,18,118
5/26/2023,sanidli-ak,Unknown,ucsd.edu,99.83.137.54,23,118
5/26/2023,sanidli-ak,Unknown,ucsd.edu,99.83.137.54,23,118
5/26/2023,sanidli-ak,Unknown,ucsd.edu,99.83.137.54,24,118
5/26/2023,sanidli-ak,Unknown,ucsd.edu,99.83.137.54,22,118
5/26/2023,sanidli-ak,Unknown,ucsd.edu,99.83.137.54,31,118
5/26/2023,sanidli-ak,Unknown,ucsd.edu,99.83.137.54,19,118
5/26/2023,sanidli-ak,Unknown,ucsd.edu,99.83.137.54,17,118
5/26/2023,sanidli-ak,Unknown,ucsd.edu,99.83.137.54,20,118
5/26/2023,sanidli-ak,Unknown,ucsd.edu,99.83.137.54,27,118
5/26/2023,sanidli-ak,Unknown,ucsd.edu,99.83.137.54,22,118
5/26/2023,sanidli-ak,Unknown,ucsd.edu,99.83.137.54,21,118
5/26/2023,sanidli-ak,Unknown,ucsd.edu,99.83.137.54,19,118
5/26/2023,sanidli-ak,Unknown,ucsd.edu,99.83.137.54,20,118
5/26/2023,sanidli-ak,Unknown,ucsd.edu,99.83.137.54,20,118
5/26/2023,sanidli-ak,Unknown,ieng6.ucsd.edu,128.54.70.238,33,50
5/26/2023,sanidli-ak,Unknown,ieng6.ucsd.edu,128.54.70.238,50,50
5/26/2023,sanidli-ak,Unknown,ieng6.ucsd.edu,128.54.70.238,39,50
5/26/2023,sanidli-ak,Unknown,ieng6.ucsd.edu,128.54.70.238,19,50
5/26/2023,sanidli-ak,Unknown,ieng6.ucsd.edu,128.54.70.238,20,50
5/26/2023,sanidli-ak,Unknown,ieng6.ucsd.edu,128.54.70.238,20,50
5/26/2023,sanidli-ak,Unknown,ieng6.ucsd.edu,128.54.70.238,22,50
5/26/2023,sanidli-ak,Unknown,ieng6.ucsd.edu,128.54.70.238,23,50
5/26/2023,sanidli-ak,Unknown,ieng6.ucsd.edu,128.54.70.238,22,50
5/26/2023,sanidli-ak,Unknown,ieng6.ucsd.edu,128.54.70.238,39,50
5/26/2023,sanidli-ak,Unknown,ieng6.ucsd.edu,128.54.70.238,22,50
5/26/2023,sanidli-ak,Unknown,ieng6.ucsd.edu,128.54.70.238,32,50
5/26/2023,sanidli-ak,Unknown,ucsd.edu,99.83.137.54,18,118
5/26/2023,sanidli-ak,Unknown,ucsd.edu,99.83.137.54,19,118
5/26/2023,sanidli-ak,Unknown,ucsd.edu,99.83.137.54,37,118
5/26/2023,sanidli-ak,Unknown,ucsd.edu,99.83.137.54,23,118
5/26/2023,sanidli-ak,Unknown,ucsd.edu,99.83.137.54,46,118
5/26/2023,sanidli-ak,Unknown,ucsd.edu,99.83.137.54,47,118
5/26/2023,sanidli-ak,Unknown,ucsd.edu,99.83.137.54,57,118
5/26/2023,sanidli-ak,Unknown,ucsd.edu,99.83.137.54,19,118
5/26/2023,sanidli-ak,Unknown,ucsd.edu,99.83.137.54,20,118
5/26/2023,sanidli-ak,Unknown,ucsd.edu,99.83.137.54,22,118
5/26/2023,sanidli-ak,Unknown,ucsd.edu,99.83.137.54,20,118
5/26/2023,sanidli-ak,Unknown,ucsd.edu,99.83.137.54,297,118
5/26/2023,sanidli-ak,Unknown,ucsd.edu,99.83.137.54,20,118
5/26/2023,sanidli-ak,Unknown,ucsd.edu,99.83.137.54,21,118
5/26/2023,sanidli-ak,Unknown,ucsd.edu,99.83.137.54,19,118
5/26/2023,sanidli-ak,Unknown,ieng6.ucsd.edu,128.54.70.238,17,50
5/26/2023,sanidli-ak,Unknown,ieng6.ucsd.edu,128.54.70.238,19,50
5/26/2023,sanidli-ak,Unknown,ieng6.ucsd.edu,128.54.70.238,20,50
5/26/2023,sanidli-ak,Unknown,ieng6.ucsd.edu,128.54.70.238,19,50
5/26/2023,sanidli-ak,Unknown,ieng6.ucsd.edu,128.54.70.238,31,50
5/26/2023,sanidli-ak,Unknown,ieng6.ucsd.edu,128.54.70.238,22,50
5/26/2023,sanidli-ak,Unknown,ieng6.ucsd.edu,128.54.70.238,19,50
5/26/2023,sanidli-ak,Unknown,ieng6.ucsd.edu,128.54.70.238,20,50
5/26/2023,sanidli-ak,Unknown,ieng6.ucsd.edu,128.54.70.238,19,50
5/26/2023,sanidli-ak,Unknown,ieng6.ucsd.edu,128.54.70.238,325,50
5/26/2023,sanidli-ak,Unknown,ieng6.ucsd.edu,128.54.70.238,21,50
5/26/2023,sanidli-ak,Unknown,ieng6.ucsd.edu,128.54.70.238,19,50
5/26/2023,sanidli-ak,Unknown,ieng6.ucsd.edu,128.54.70.238,18,50
5/26/2023,sanidli-ak,Unknown,ieng6.ucsd.edu,128.54.70.238,23,50
5/26/2023,sanidli-ak,Unknown,ieng6.ucsd.edu,128.54.70.238,20,50
5/26/2023,sanidli-aman,Unknown,ucsd.edu,75.2.44.127,127.317,119
5/26/2023,sanidli-aman,Unknown,ucsd.edu,75.2.44.127,42.775,119
5/26/2023,sanidli-aman,Unknown,ucsd.edu,75.2.44.127,71.426,119
5/26/2023,sanidli-aman,Unknown,ucsd.edu,75.2.44.127,114.545,119
5/26/2023,sanidli-aman,Unknown,ucsd.edu,75.2.44.127,48.975,119
5/26/2023,sanidli-aman,Unknown,ucsd.edu,75.2.44.127,27.834,119
5/26/2023,sanidli-aman,Unknown,ucsd.edu,75.2.44.127,57.025,119
5/26/2023,sanidli-aman,Unknown,ucsd.edu,75.2.44.127,132.286,119
Unknown,cupertino,Unknown,ucsd.edu,99.83.137.54,6,118
Unknown,cupertino,Unknown,ucsd.edu,99.83.137.54,6,118
Unknown,cupertino,Unknown,ucsd.edu,99.83.137.54,10,118
Unknown,cupertino,Unknown,ucsd.edu,99.83.137.54,9,118
Unknown,cupertino,Unknown,ucsd.edu,99.83.137.54,7,118
Unknown,cupertino,Unknown,ucsd.edu,99.83.137.54,6,118
Unknown,cupertino,Unknown,ucsd.edu,99.83.137.54,8,118
Unknown,cupertino,Unknown,ucsd.edu,99.83.137.54,9,118
Unknown,cupertino,Unknown,ucsd.edu,99.83.137.54,9,118
Unknown,cupertino,Unknown,ucsd.edu,99.83.137.54,11,118
Unknown,cupertino,Unknown,ucsd.edu,99.83.137.54,6,118
Unknown,cupertino,Unknown,ucsd.edu,99.83.137.54,8,118
Unknown,cupertino,Unknown,ucsd.edu,99.83.137.54,50,118
Unknown,cupertino,Unknown,ucsd.edu,99.83.137.54,8,118
Unknown,cupertino,Unknown,ucsd.edu,99.83.137.54,6,118
Unknown,cupertino,Unknown,ieng6.ucsd.edu,128.54.70.238,19,48
Unknown,cupertino,Unknown,ieng6.ucsd.edu,128.54.70.238,20,48
Unknown,cupertino,Unknown,ieng6.ucsd.edu,128.54.70.238,21,48
Unknown,cupertino,Unknown,ieng6.ucsd.edu,128.54.70.238,19,48
Unknown,cupertino,Unknown,ieng6.ucsd.edu,128.54.70.238,22,48
Unknown,cupertino,Unknown,ieng6.ucsd.edu,128.54.70.238,19,48
Unknown,cupertino,Unknown,ieng6.ucsd.edu,128.54.70.238,21,48
Unknown,cupertino,Unknown,ieng6.ucsd.edu,128.54.70.238,23,48
Unknown,cupertino,Unknown,ieng6.ucsd.edu,128.54.70.238,19,48
Unknown,cupertino,Unknown,ieng6.ucsd.edu,128.54.70.238,22,48
Unknown,cupertino,Unknown,ieng6.ucsd.edu,128.54.70.238,22,48
Unknown,cupertino,Unknown,ieng6.ucsd.edu,128.54.70.238,22,48
Unknown,cupertino,Unknown,ieng6.ucsd.edu,128.54.70.238,23,48
Unknown,cupertino,Unknown,ieng6.ucsd.edu,128.54.70.238,21,48
Unknown,cupertino,Unknown,ieng6.ucsd.edu,128.54.70.238,21,48
Unknown,cupertino,Unknown,ucsd.edu,75.2.44.127,6,118
Unknown,cupertino,Unknown,ucsd.edu,75.2.44.127,9,118
Unknown,cupertino,Unknown,ucsd.edu,75.2.44.127,8,118
Unknown,cupertino,Unknown,ucsd.edu,75.2.44.127,7,118
Unknown,cupertino,Unknown,ucsd.edu,75.2.44.127,8,118
Unknown,cupertino,Unknown,ucsd.edu,75.2.44.127,9,118
Unknown,cupertino,Unknown,ucsd.edu,75.2.44.127,7,118
Unknown,cupertino,Unknown,ucsd.edu,75.2.44.127,8,118
Unknown,cupertino,Unknown,ucsd.edu,75.2.44.127,6,118
Unknown,cupertino,Unknown,ucsd.edu,75.2.44.127,8,118
Unknown,cupertino,Unknown,ucsd.edu,75.2.44.127,9,118
Unknown,cupertino,Unknown,ucsd.edu,75.2.44.127,8,118
Unknown,cupertino,Unknown,ucsd.edu,75.2.44.127,9,118
Unknown,cupertino,Unknown,ucsd.edu,75.2.44.127,7,118
Unknown,cupertino,Unknown,ucsd.edu,75.2.44.127,9,118
Unknown,cupertino,Unknown,ieng6.ucsd.edu,128.54.70.238,20,48
Unknown,cupertino,Unknown,ieng6.ucsd.edu,128.54.70.238,22,48
Unknown,cupertino,Unknown,ieng6.ucsd.edu,128.54.70.238,20,48
Unknown,cupertino,Unknown,ieng6.ucsd.edu,128.54.70.238,21,48
Unknown,cupertino,Unknown,ieng6.ucsd.edu,128.54.70.238,20,48
Unknown,cupertino,Unknown,ieng6.ucsd.edu,128.54.70.238,25,48
Unknown,cupertino,Unknown,ieng6.ucsd.edu,128.54.70.238,37,48
Unknown,cupertino,Unknown,ieng6.ucsd.edu,128.54.70.238,21,48
Unknown,cupertino,Unknown,ieng6.ucsd.edu,128.54.70.238,20,48
Unknown,cupertino,Unknown,ieng6.ucsd.edu,128.54.70.238,19,48
Unknown,cupertino,Unknown,ieng6.ucsd.edu,128.54.70.238,19,48
Unknown,cupertino,Unknown,ieng6.ucsd.edu,128.54.70.238,22,48
Unknown,cupertino,Unknown,ieng6.ucsd.edu,128.54.70.238,23,48
Unknown,cupertino,Unknown,ieng6.ucsd.edu,128.54.70.238,27,48
Unknown,cupertino,Unknown,ieng6.ucsd.edu,128.54.70.238,24,48
5/26/2023,downtown-cafe,Unknown,ucsd.edu,99.83.137.54,16,113
5/26/2023,downtown-cafe,Unknown,ucsd.edu,99.83.137.54,17,113
5/26/2023,downtown-cafe,Unknown,ucsd.edu,99.83.137.54,24,113
5/26/2023,downtown-cafe,Unknown,ucsd.edu,99.83.137.54,17,113
5/26/2023,downtown-cafe,Unknown,ucsd.edu,99.83.137.54,18,113
5/26/2023,downtown-cafe,Unknown,ucsd.edu,99.83.137.54,19,113
5/26/2023,downtown-cafe,Unknown,ucsd.edu,99.83.137.54,17,113
5/26/2023,downtown-cafe,Unknown,ucsd.edu,99.83.137.54,25,113
5/26/2023,downtown-cafe,Unknown,ucsd.edu,99.83.137.54,18,113
5/26/2023,downtown-cafe,Unknown,ucsd.edu,99.83.137.54,18,113
5/26/2023,downtown-cafe,Unknown,ucsd.edu,99.83.137.54,20,113
5/26/2023,downtown-cafe,Unknown,ucsd.edu,99.83.137.54,17,113
5/26/2023,downtown-cafe,Unknown,ucsd.edu,99.83.137.54,22,113
5/26/2023,downtown-cafe,Unknown,ucsd.edu,99.83.137.54,18,113
5/26/2023,downtown-cafe,Unknown,ucsd.edu,99.83.137.54,19,113
5/26/2023,downtown-cafe,Unknown,ieng6.ucsd.edu,128.54.70.238,21,54
5/26/2023,downtown-cafe,Unknown,ieng6.ucsd.edu,128.54.70.238,21,54
5/26/2023,downtown-cafe,Unknown,ieng6.ucsd.edu,128.54.70.238,27,54
5/26/2023,downtown-cafe,Unknown,ieng6.ucsd.edu,128.54.70.238,18,54
5/26/2023,downtown-cafe,Unknown,ieng6.ucsd.edu,128.54.70.238,27,54
5/26/2023,downtown-cafe,Unknown,ieng6.ucsd.edu,128.54.70.238,24,54
5/26/2023,downtown-cafe,Unknown,ieng6.ucsd.edu,128.54.70.238,26,54
5/26/2023,downtown-cafe,Unknown,ieng6.ucsd.edu,128.54.70.238,19,54
5/26/2023,downtown-cafe,Unknown,ieng6.ucsd.edu,128.54.70.238,28,54
5/26/2023,downtown-cafe,Unknown,ieng6.ucsd.edu,128.54.70.238,21,54
5/26/2023,downtown-cafe,Unknown,ieng6.ucsd.edu,128.54.70.238,26,54
5/26/2023,downtown-cafe,Unknown,ieng6.ucsd.edu,128.54.70.238,23,54
5/26/2023,downtown-cafe,Unknown,ieng6.ucsd.edu,128.54.70.238,20,54
5/26/2023,downtown-cafe,Unknown,ieng6.ucsd.edu,128.54.70.238,21,54
5/26/2023,downtown-cafe,Unknown,ieng6.ucsd.edu,128.54.70.238,21,54
5/26/2023,downtown-cafe,Unknown,ucsd.edu,99.83.137.54,20,113
5/26/2023,downtown-cafe,Unknown,ucsd.edu,99.83.137.54,18,113
5/26/2023,downtown-cafe,Unknown,ucsd.edu,99.83.137.54,21,113
5/26/2023,downtown-cafe,Unknown,ucsd.edu,99.83.137.54,21,113
5/26/2023,downtown-cafe,Unknown,ucsd.edu,99.83.137.54,20,113
5/26/2023,downtown-cafe,Unknown,ucsd.edu,99.83.137.54,29,113
5/26/2023,downtown-cafe,Unknown,ucsd.edu,99.83.137.54,20,113
5/26/2023,downtown-cafe,Unknown,ucsd.edu,99.83.137.54,20,113
5/26/2023,downtown-cafe,Unknown,ucsd.edu,99.83.137.54,17,113
5/26/2023,downtown-cafe,Unknown,ucsd.edu,99.83.137.54,22,113
5/26/2023,downtown-cafe,Unknown,ucsd.edu,99.83.137.54,18,113
5/26/2023,downtown-cafe,Unknown,ucsd.edu,99.83.137.54,19,113
5/26/2023,downtown-cafe,Unknown,ucsd.edu,99.83.137.54,16,113
5/26/2023,downtown-cafe,Unknown,ucsd.edu,99.83.137.54,20,113
5/26/2023,downtown-cafe,Unknown,ucsd.edu,99.83.137.54,16,113
5/26/2023,downtown-cafe,Unknown,ieng6.ucsd.edu,128.54.70.238,19,54
5/26/2023,downtown-cafe,Unknown,ieng6.ucsd.edu,128.54.70.238,23,54
5/26/2023,downtown-cafe,Unknown,ieng6.ucsd.edu,128.54.70.238,20,54
5/26/2023,downtown-cafe,Unknown,ieng6.ucsd.edu,128.54.70.238,22,54
5/26/2023,downtown-cafe,Unknown,ieng6.ucsd.edu,128.54.70.238,23,54
5/26/2023,downtown-cafe,Unknown,ieng6.ucsd.edu,128.54.70.238,25,54
5/26/2023,downtown-cafe,Unknown,ieng6.ucsd.edu,128.54.70.238,26,54
5/26/2023,downtown-cafe,Unknown,ieng6.ucsd.edu,128.54.70.238,22,54
5/26/2023,downtown-cafe,Unknown,ieng6.ucsd.edu,128.54.70.238,19,54
5/26/2023,downtown-cafe,Unknown,ieng6.ucsd.edu,128.54.70.238,25,54
5/26/2023,downtown-cafe,Unknown,ieng6.ucsd.edu,128.54.70.238,31,54
5/26/2023,downtown-cafe,Unknown,ieng6.ucsd.edu,128.54.70.238,24,54
5/26/2023,downtown-cafe,Unknown,ieng6.ucsd.edu,128.54.70.238,32,54
5/26/2023,downtown-cafe,Unknown,ieng6.ucsd.edu,128.54.70.238,22,54
5/26/2023,downtown-cafe,Unknown,ieng6.ucsd.edu,128.54.70.238,22,54
5/26/2023,downtown-cafe,Unknown,Unknown,24.43.123.71,30,54
5/26/2023,downtown-cafe,Unknown,Unknown,24.43.123.71,21,54
5/26/2023,downtown-cafe,Unknown,Unknown,24.43.123.71,25,54
5/26/2023,downtown-cafe,Unknown,Unknown,24.43.123.71,18,54
5/26/2023,downtown-cafe,Unknown,Unknown,24.43.123.71,30,54
5/26/2023,downtown-cafe,Unknown,Unknown,24.43.123.71,26,54
5/26/2023,downtown-cafe,Unknown,Unknown,24.43.123.71,26,54
5/26/2023,downtown-cafe,Unknown,Unknown,24.43.123.71,19,54
5/26/2023,downtown-cafe,Unknown,Unknown,24.43.123.71,27,54
5/26/2023,downtown-cafe,Unknown,Unknown,24.43.123.71,23,54
5/26/2023,downtown-cafe,Unknown,Unknown,24.43.123.71,26,54
5/26/2023,downtown-cafe,Unknown,Unknown,24.43.123.71,24,54
5/26/2023,downtown-cafe,Unknown,Unknown,24.43.123.71,28,54
5/26/2023,downtown-cafe,Unknown,Unknown,24.43.123.71,28,54
5/26/2023,downtown-cafe,Unknown,Unknown,24.43.123.71,24,54
5/26/2023,downtown-verizon,Unknown,ucsd.edu,99.83.137.54,33,116
5/26/2023,downtown-verizon,Unknown,ucsd.edu,99.83.137.54,30,116
5/26/2023,downtown-verizon,Unknown,ucsd.edu,99.83.137.54,32,116
5/26/2023,downtown-verizon,Unknown,ucsd.edu,99.83.137.54,32,116
5/26/2023,downtown-verizon,Unknown,ucsd.edu,99.83.137.54,44,116
5/26/2023,downtown-verizon,Unknown,ucsd.edu,99.83.137.54,35,116
5/26/2023,downtown-verizon,Unknown,ucsd.edu,99.83.137.54,45,116
5/26/2023,downtown-verizon,Unknown,ucsd.edu,99.83.137.54,39,116
5/26/2023,downtown-verizon,Unknown,ucsd.edu,99.83.137.54,30,116
5/26/2023,downtown-verizon,Unknown,ucsd.edu,99.83.137.54,47,116
5/26/2023,downtown-verizon,Unknown,ucsd.edu,99.83.137.54,48,116
5/26/2023,downtown-verizon,Unknown,ucsd.edu,99.83.137.54,40,116
5/26/2023,downtown-verizon,Unknown,ucsd.edu,99.83.137.54,44,116
5/26/2023,downtown-verizon,Unknown,ucsd.edu,99.83.137.54,51,116
5/26/2023,downtown-verizon,Unknown,ucsd.edu,99.83.137.54,43,116
5/26/2023,downtown-verizon,Unknown,ieng6.ucsd.edu,128.54.70.238,31,43
5/26/2023,downtown-verizon,Unknown,ieng6.ucsd.edu,128.54.70.238,58,43
5/26/2023,downtown-verizon,Unknown,ieng6.ucsd.edu,128.54.70.238,44,43
5/26/2023,downtown-verizon,Unknown,ieng6.ucsd.edu,128.54.70.238,35,43
5/26/2023,downtown-verizon,Unknown,ieng6.ucsd.edu,128.54.70.238,58,43
5/26/2023,downtown-verizon,Unknown,ieng6.ucsd.edu,128.54.70.238,286,43
5/26/2023,downtown-verizon,Unknown,ieng6.ucsd.edu,128.54.70.238,38,43
5/26/2023,downtown-verizon,Unknown,ieng6.ucsd.edu,128.54.70.238,39,43
5/26/2023,downtown-verizon,Unknown,ieng6.ucsd.edu,128.54.70.238,48,43
5/26/2023,downtown-verizon,Unknown,ieng6.ucsd.edu,128.54.70.238,60,43
5/26/2023,downtown-verizon,Unknown,ieng6.ucsd.edu,128.54.70.238,48,43
5/26/2023,downtown-verizon,Unknown,ieng6.ucsd.edu,128.54.70.238,59,43
5/26/2023,downtown-verizon,Unknown,ieng6.ucsd.edu,128.54.70.238,54,43
5/26/2023,downtown-verizon,Unknown,ieng6.ucsd.edu,128.54.70.238,53,43
5/26/2023,downtown-verizon,Unknown,ieng6.ucsd.edu,128.54.70.238,55,43
5/26/2023,downtown,Unknown,ucsd.edu,99.83.137.54,47,118
5/26/2023,downtown,Unknown,ucsd.edu,99.83.137.54,151,118
5/26/2023,downtown,Unknown,ucsd.edu,99.83.137.54,75,118
5/26/2023,downtown,Unknown,ucsd.edu,99.83.137.54,80,118
5/26/2023,downtown,Unknown,ucsd.edu,99.83.137.54,57,118
5/26/2023,downtown,Unknown,ucsd.edu,99.83.137.54,43,118
5/26/2023,downtown,Unknown,ucsd.edu,99.83.137.54,66,118
5/26/2023,downtown,Unknown,ucsd.edu,99.83.137.54,104,118
5/26/2023,downtown,Unknown,ucsd.edu,99.83.137.54,102,118
5/26/2023,downtown,Unknown,ucsd.edu,99.83.137.54,73,118
5/26/2023,downtown,Unknown,ucsd.edu,99.83.137.54,74,118
5/26/2023,downtown,Unknown,ucsd.edu,99.83.137.54,56,118
5/26/2023,downtown,Unknown,ucsd.edu,99.83.137.54,44,118
5/26/2023,downtown,Unknown,ucsd.edu,99.83.137.54,74,118
5/26/2023,downtown,Unknown,ucsd.edu,99.83.137.54,58,118
5/26/2023,downtown,Unknown,ieng6.ucsd.edu,128.54.70.238,46,48
5/26/2023,downtown,Unknown,ieng6.ucsd.edu,128.54.70.238,39,48
5/26/2023,downtown,Unknown,ieng6.ucsd.edu,128.54.70.238,44,48
5/26/2023,downtown,Unknown,ieng6.ucsd.edu,128.54.70.238,51,48
5/26/2023,downtown,Unknown,ieng6.ucsd.edu,128.54.70.238,47,48
5/26/2023,downtown,Unknown,ieng6.ucsd.edu,128.54.70.238,92,48
5/26/2023,downtown,Unknown,ieng6.ucsd.edu,128.54.70.238,48,48
5/26/2023,downtown,Unknown,ieng6.ucsd.edu,128.54.70.238,41,48
5/26/2023,downtown,Unknown,ieng6.ucsd.edu,128.54.70.238,44,48
5/26/2023,downtown,Unknown,ieng6.ucsd.edu,128.54.70.238,60,48
5/26/2023,downtown,Unknown,ieng6.ucsd.edu,128.54.70.238,49,48
5/26/2023,downtown,Unknown,ieng6.ucsd.edu,128.54.70.238,50,48
5/26/2023,downtown,Unknown,ieng6.ucsd.edu,128.54.70.238,274,48
5/26/2023,downtown,Unknown,ieng6.ucsd.edu,128.54.70.238,57,48
5/26/2023,downtown,Unknown,ieng6.ucsd.edu,128.54.70.238,44,48
5/26/2023,downtown,Unknown,ucsd.edu,99.83.137.54,64,118
5/26/2023,downtown,Unknown,ucsd.edu,99.83.137.54,40,118
5/26/2023,downtown,Unknown,ucsd.edu,99.83.137.54,56,118
5/26/2023,downtown,Unknown,ucsd.edu,99.83.137.54,94,118
5/26/2023,downtown,Unknown,ucsd.edu,99.83.137.54,36,118
5/26/2023,downtown,Unknown,ucsd.edu,99.83.137.54,55,118
5/26/2023,downtown,Unknown,ucsd.edu,99.83.137.54,45,118
5/26/2023,downtown,Unknown,ucsd.edu,99.83.137.54,34,118
5/26/2023,downtown,Unknown,ucsd.edu,99.83.137.54,65,118
5/26/2023,downtown,Unknown,ucsd.edu,99.83.137.54,39,118
5/26/2023,downtown,Unknown,ucsd.edu,99.83.137.54,57,118
5/26/2023,downtown,Unknown,ucsd.edu,99.83.137.54,70,118
5/26/2023,downtown,Unknown,ucsd.edu,99.83.137.54,71,118
5/26/2023,downtown,Unknown,ucsd.edu,99.83.137.54,70,118
5/26/2023,downtown,Unknown,ucsd.edu,99.83.137.54,44,118
Unknown,eduroam-cse,Unknown,ucsd.edu,75.2.44.127,4,118
Unknown,eduroam-cse,Unknown,ucsd.edu,75.2.44.127,7,118
Unknown,eduroam-cse,Unknown,ucsd.edu,75.2.44.127,8,118
Unknown,eduroam-cse,Unknown,ucsd.edu,75.2.44.127,7,118
Unknown,eduroam-cse,Unknown,ucsd.edu,75.2.44.127,7,118
Unknown,eduroam-cse,Unknown,ucsd.edu,75.2.44.127,6,118
Unknown,eduroam-cse,Unknown,ucsd.edu,75.2.44.127,4,118
Unknown,eduroam-cse,Unknown,ucsd.edu,75.2.44.127,7,118
Unknown,eduroam-cse,Unknown,ucsd.edu,75.2.44.127,6,118
Unknown,eduroam-cse,Unknown,ucsd.edu,75.2.44.127,6,118
Unknown,eduroam-cse,Unknown,ucsd.edu,75.2.44.127,6,118
Unknown,eduroam-cse,Unknown,ucsd.edu,75.2.44.127,6,118
Unknown,eduroam-cse,Unknown,ucsd.edu,75.2.44.127,6,118
Unknown,eduroam-cse,Unknown,ucsd.edu,75.2.44.127,6,118
Unknown,eduroam-cse,Unknown,ucsd.edu,75.2.44.127,7,118
Unknown,eduroam-cse,Unknown,ieng6.ucsd.edu,128.54.70.238,3,59
Unknown,eduroam-cse,Unknown,ieng6.ucsd.edu,128.54.70.238,3,59
Unknown,eduroam-cse,Unknown,ieng6.ucsd.edu,128.54.70.238,2,59
Unknown,eduroam-cse,Unknown,ieng6.ucsd.edu,128.54.70.238,10,59
Unknown,eduroam-cse,Unknown,ieng6.ucsd.edu,128.54.70.238,3,59
Unknown,eduroam-cse,Unknown,ieng6.ucsd.edu,128.54.70.238,4,59
Unknown,eduroam-cse,Unknown,ieng6.ucsd.edu,128.54.70.238,2,59
Unknown,eduroam-cse,Unknown,ieng6.ucsd.edu,128.54.70.238,3,59
Unknown,eduroam-cse,Unknown,ieng6.ucsd.edu,128.54.70.238,9,59
Unknown,eduroam-cse,Unknown,ieng6.ucsd.edu,128.54.70.238,3,59
Unknown,eduroam-cse,Unknown,ieng6.ucsd.edu,128.54.70.238,4,59
Unknown,eduroam-cse,Unknown,ieng6.ucsd.edu,128.54.70.238,4,59
Unknown,eduroam-cse,Unknown,ieng6.ucsd.edu,128.54.70.238,2,59
Unknown,eduroam-cse,Unknown,ieng6.ucsd.edu,128.54.70.238,2,59
Unknown,eduroam-cse,Unknown,ieng6.ucsd.edu,128.54.70.238,4,59
Unknown,geisel,Unknown,ucsd.edu,99.83.137.54,4,117
Unknown,geisel,Unknown,ucsd.edu,99.83.137.54,12,117
Unknown,geisel,Unknown,ucsd.edu,99.83.137.54,5,117
Unknown,geisel,Unknown,ucsd.edu,99.83.137.54,5,117
Unknown,geisel,Unknown,ucsd.edu,99.83.137.54,4,117
Unknown,geisel,Unknown,ucsd.edu,99.83.137.54,4,117
Unknown,geisel,Unknown,ucsd.edu,99.83.137.54,7,117
Unknown,geisel,Unknown,ucsd.edu,99.83.137.54,5,117
Unknown,geisel,Unknown,ucsd.edu,99.83.137.54,5,117
Unknown,geisel,Unknown,ucsd.edu,99.83.137.54,5,117
Unknown,geisel,Unknown,ucsd.edu,99.83.137.54,8,117
Unknown,geisel,Unknown,ucsd.edu,99.83.137.54,5,117
Unknown,geisel,Unknown,ucsd.edu,99.83.137.54,6,117
Unknown,geisel,Unknown,ucsd.edu,99.83.137.54,5,117
Unknown,geisel,Unknown,ucsd.edu,99.83.137.54,4,117
Unknown,geisel,Unknown,ieng6.ucsd.edu,128.54.70.238,5,59
Unknown,geisel,Unknown,ieng6.ucsd.edu,128.54.70.238,2,59
Unknown,geisel,Unknown,ieng6.ucsd.edu,128.54.70.238,5,59
Unknown,geisel,Unknown,ieng6.ucsd.edu,128.54.70.238,2,59
Unknown,geisel,Unknown,ieng6.ucsd.edu,128.54.70.238,3,59
Unknown,geisel,Unknown,ieng6.ucsd.edu,128.54.70.238,2,59
Unknown,geisel,Unknown,ieng6.ucsd.edu,128.54.70.238,2,59
Unknown,geisel,Unknown,ieng6.ucsd.edu,128.54.70.238,2,59
Unknown,geisel,Unknown,ieng6.ucsd.edu,128.54.70.238,2,59
Unknown,geisel,Unknown,ieng6.ucsd.edu,128.54.70.238,5,59
Unknown,geisel,Unknown,ieng6.ucsd.edu,128.54.70.238,3,59
Unknown,geisel,Unknown,ieng6.ucsd.edu,128.54.70.238,5,59
Unknown,geisel,Unknown,ieng6.ucsd.edu,128.54.70.238,6,59
Unknown,geisel,Unknown,ieng6.ucsd.edu,128.54.70.238,3,59
Unknown,geisel,Unknown,ieng6.ucsd.edu,128.54.70.238,2,59
Unknown,home-akhil,Unknown,ucsd.edu,99.83.137.54,8,118
Unknown,home-akhil,Unknown,ucsd.edu,99.83.137.54,8,118
Unknown,home-akhil,Unknown,ucsd.edu,99.83.137.54,11,118
Unknown,home-akhil,Unknown,ucsd.edu,99.83.137.54,11,118
Unknown,home-akhil,Unknown,ucsd.edu,99.83.137.54,8,118
Unknown,home-akhil,Unknown,ucsd.edu,99.83.137.54,8,118
Unknown,home-akhil,Unknown,ucsd.edu,99.83.137.54,8,118
Unknown,home-akhil,Unknown,ucsd.edu,99.83.137.54,8,118
Unknown,home-akhil,Unknown,ucsd.edu,99.83.137.54,8,118
Unknown,home-akhil,Unknown,ucsd.edu,99.83.137.54,8,118
Unknown,home-akhil,Unknown,ucsd.edu,99.83.137.54,9,118
Unknown,home-akhil,Unknown,ucsd.edu,99.83.137.54,8,118
Unknown,home-akhil,Unknown,ucsd.edu,99.83.137.54,8,118
Unknown,home-akhil,Unknown,ucsd.edu,99.83.137.54,8,118
Unknown,home-akhil,Unknown,ucsd.edu,99.83.137.54,9,118
Unknown,home-akhil,Unknown,ieng6.ucsd.edu,128.54.70.238,26,50
Unknown,home-akhil,Unknown,ieng6.ucsd.edu,128.54.70.238,10,50
Unknown,home-akhil,Unknown,ieng6.ucsd.edu,128.54.70.238,10,50
Unknown,home-akhil,Unknown,ieng6.ucsd.edu,128.54.70.238,10,50
Unknown,home-akhil,Unknown,ieng6.ucsd.edu,128.54.70.238,11,50
Unknown,home-akhil,Unknown,ieng6.ucsd.edu,128.54.70.238,11,50
Unknown,home-akhil,Unknown,ieng6.ucsd.edu,128.54.70.238,16,50
Unknown,home-akhil,Unknown,ieng6.ucsd.edu,128.54.70.238,10,50
Unknown,home-akhil,Unknown,ieng6.ucsd.edu,128.54.70.238,10,50
Unknown,home-akhil,Unknown,ieng6.ucsd.edu,128.54.70.238,11,50
Unknown,home-akhil,Unknown,ieng6.ucsd.edu,128.54.70.238,13,50
Unknown,home-akhil,Unknown,ieng6.ucsd.edu,128.54.70.238,10,50
Unknown,home-akhil,Unknown,ieng6.ucsd.edu,128.54.70.238,12,50
Unknown,home-akhil,Unknown,ieng6.ucsd.edu,128.54.70.238,10,50
Unknown,home-akhil,Unknown,ieng6.ucsd.edu,128.54.70.238,10,50
Unknown,home-akhil,Unknown,ucsd.edu,99.83.137.54,9,118
Unknown,home-akhil,Unknown,ucsd.edu,99.83.137.54,8,118
Unknown,home-akhil,Unknown,ucsd.edu,99.83.137.54,8,118
Unknown,home-akhil,Unknown,ucsd.edu,99.83.137.54,8,118
Unknown,home-akhil,Unknown,ucsd.edu,99.83.137.54,8,118
Unknown,home-akhil,Unknown,ucsd.edu,99.83.137.54,9,118
Unknown,home-akhil,Unknown,ucsd.edu,99.83.137.54,8,118
Unknown,home-akhil,Unknown,ucsd.edu,99.83.137.54,8,118
Unknown,home-akhil,Unknown,ucsd.edu,99.83.137.54,8,118
Unknown,home-akhil,Unknown,ucsd.edu,99.83.137.54,9,118
Unknown,home-akhil,Unknown,ucsd.edu,99.83.137.54,8,118
Unknown,home-akhil,Unknown,ucsd.edu,99.83.137.54,9,118
Unknown,home-akhil,Unknown,ucsd.edu,99.83.137.54,8,118
Unknown,home-akhil,Unknown,ucsd.edu,99.83.137.54,8,118
Unknown,home-akhil,Unknown,ucsd.edu,99.83.137.54,8,118
Unknown,home-akhil,Unknown,ucsd.edu,99.83.137.54,8,118
Unknown,home-akhil,Unknown,ucsd.edu,99.83.137.54,8,118
Unknown,home-akhil,Unknown,ucsd.edu,99.83.137.54,9,118
Unknown,home-akhil,Unknown,ucsd.edu,99.83.137.54,8,118
Unknown,home-akhil,Unknown,ucsd.edu,99.83.137.54,9,118
Unknown,home-akhil,Unknown,ucsd.edu,99.83.137.54,9,118
Unknown,home-akhil,Unknown,ucsd.edu,99.83.137.54,9,118
Unknown,home-akhil,Unknown,ucsd.edu,99.83.137.54,8,118
Unknown,home-akhil,Unknown,ucsd.edu,99.83.137.54,9,118
Unknown,home-akhil,Unknown,ucsd.edu,99.83.137.54,9,118
Unknown,home-akhil,Unknown,ucsd.edu,99.83.137.54,9,118
Unknown,home-akhil,Unknown,ucsd.edu,99.83.137.54,9,118
Unknown,home-akhil,Unknown,ucsd.edu,99.83.137.54,8,118
Unknown,home-akhil,Unknown,ucsd.edu,99.83.137.54,9,118
Unknown,home-akhil,Unknown,ucsd.edu,99.83.137.54,8,118
Unknown,home-akhil,Unknown,ieng6.ucsd.edu,128.54.70.238,10,50
Unknown,home-akhil,Unknown,ieng6.ucsd.edu,128.54.70.238,11,50
Unknown,home-akhil,Unknown,ieng6.ucsd.edu,128.54.70.238,10,50
Unknown,home-akhil,Unknown,ieng6.ucsd.edu,128.54.70.238,10,50
Unknown,home-akhil,Unknown,ieng6.ucsd.edu,128.54.70.238,11,50
Unknown,home-akhil,Unknown,ieng6.ucsd.edu,128.54.70.238,11,50
Unknown,home-akhil,Unknown,ieng6.ucsd.edu,128.54.70.238,11,50
Unknown,home-akhil,Unknown,ieng6.ucsd.edu,128.54.70.238,10,50
Unknown,home-akhil,Unknown,ieng6.ucsd.edu,128.54.70.238,15,50
Unknown,home-akhil,Unknown,ieng6.ucsd.edu,128.54.70.238,10,50
Unknown,home-akhil,Unknown,ieng6.ucsd.edu,128.54.70.238,10,50
Unknown,home-akhil,Unknown,ieng6.ucsd.edu,128.54.70.238,12,50
Unknown,home-akhil,Unknown,ieng6.ucsd.edu,128.54.70.238,11,50
Unknown,home-akhil,Unknown,ieng6.ucsd.edu,128.54.70.238,10,50
Unknown,home-akhil,Unknown,ieng6.ucsd.edu,128.54.70.238,10,50
Unknown,home-akhil,Unknown,ucsd.edu,99.83.137.54,12,118
Unknown,home-akhil,Unknown,ucsd.edu,99.83.137.54,10,118
Unknown,home-akhil,Unknown,ucsd.edu,99.83.137.54,10,118
Unknown,home-akhil,Unknown,ucsd.edu,99.83.137.54,8,118
Unknown,home-akhil,Unknown,ucsd.edu,99.83.137.54,10,118
Unknown,home-akhil,Unknown,ucsd.edu,99.83.137.54,8,118
Unknown,home-akhil,Unknown,ucsd.edu,99.83.137.54,10,118
Unknown,home-akhil,Unknown,ucsd.edu,99.83.137.54,10,118
Unknown,home-akhil,Unknown,ucsd.edu,99.83.137.54,10,118
Unknown,home-akhil,Unknown,ucsd.edu,99.83.137.54,11,118
Unknown,home-akhil,Unknown,ucsd.edu,99.83.137.54,10,118
Unknown,home-akhil,Unknown,ucsd.edu,99.83.137.54,16,118
Unknown,home-akhil,Unknown,ucsd.edu,99.83.137.54,9,118
Unknown,home-akhil,Unknown,ucsd.edu,99.83.137.54,12,118
Unknown,home-akhil,Unknown,ucsd.edu,99.83.137.54,12,118
Unknown,home-akhil,Unknown,ieng6.ucsd.edu,128.54.70.238,10,50
Unknown,home-akhil,Unknown,ieng6.ucsd.edu,128.54.70.238,11,50
Unknown,home-akhil,Unknown,ieng6.ucsd.edu,128.54.70.238,11,50
Unknown,home-akhil,Unknown,ieng6.ucsd.edu,128.54.70.238,12,50
Unknown,home-akhil,Unknown,ieng6.ucsd.edu,128.54.70.238,13,50
Unknown,home-akhil,Unknown,ieng6.ucsd.edu,128.54.70.238,12,50
Unknown,home-akhil,Unknown,ieng6.ucsd.edu,128.54.70.238,12,50
Unknown,home-akhil,Unknown,ieng6.ucsd.edu,128.54.70.238,13,50
Unknown,home-akhil,Unknown,ieng6.ucsd.edu,128.54.70.238,12,50
Unknown,home-akhil,Unknown,ieng6.ucsd.edu,128.54.70.238,15,50
Unknown,home-akhil,Unknown,ieng6.ucsd.edu,128.54.70.238,10,50
Unknown,home-akhil,Unknown,ieng6.ucsd.edu,128.54.70.238,12,50
Unknown,home-akhil,Unknown,ieng6.ucsd.edu,128.54.70.238,12,50
Unknown,home-akhil,Unknown,ieng6.ucsd.edu,128.54.70.238,12,50
Unknown,home-akhil,Unknown,ieng6.ucsd.edu,128.54.70.238,12,50
Unknown,home-akhil,Unknown,ucsd.edu,99.83.137.54,11,118
Unknown,home-akhil,Unknown,ucsd.edu,99.83.137.54,13,118
Unknown,home-akhil,Unknown,ucsd.edu,99.83.137.54,12,118
Unknown,home-akhil,Unknown,ucsd.edu,99.83.137.54,10,118
Unknown,home-akhil,Unknown,ucsd.edu,99.83.137.54,11,118
Unknown,home-akhil,Unknown,ucsd.edu,99.83.137.54,11,118
Unknown,home-akhil,Unknown,ucsd.edu,99.83.137.54,10,118
Unknown,home-akhil,Unknown,ucsd.edu,99.83.137.54,11,118
Unknown,home-akhil,Unknown,ucsd.edu,99.83.137.54,11,118
Unknown,home-akhil,Unknown,ucsd.edu,99.83.137.54,10,118
Unknown,home-akhil,Unknown,ucsd.edu,99.83.137.54,14,118
Unknown,home-akhil,Unknown,ucsd.edu,99.83.137.54,15,118
Unknown,home-akhil,Unknown,ucsd.edu,99.83.137.54,10,118
Unknown,home-akhil,Unknown,ucsd.edu,99.83.137.54,12,118
Unknown,home-akhil,Unknown,ucsd.edu,99.83.137.54,11,118
Unknown,home-akhil,Unknown,ieng6.ucsd.edu,128.54.70.238,12,50
Unknown,home-akhil,Unknown,ieng6.ucsd.edu,128.54.70.238,11,50
Unknown,home-akhil,Unknown,ieng6.ucsd.edu,128.54.70.238,17,50
Unknown,home-akhil,Unknown,ieng6.ucsd.edu,128.54.70.238,12,50
Unknown,home-akhil,Unknown,ieng6.ucsd.edu,128.54.70.238,12,50
Unknown,home-akhil,Unknown,ieng6.ucsd.edu,128.54.70.238,10,50
Unknown,home-akhil,Unknown,ieng6.ucsd.edu,128.54.70.238,12,50
Unknown,home-akhil,Unknown,ieng6.ucsd.edu,128.54.70.238,12,50
Unknown,home-akhil,Unknown,ieng6.ucsd.edu,128.54.70.238,12,50
Unknown,home-akhil,Unknown,ieng6.ucsd.edu,128.54.70.238,12,50
Unknown,home-akhil,Unknown,ieng6.ucsd.edu,128.54.70.238,12,50
Unknown,home-akhil,Unknown,ieng6.ucsd.edu,128.54.70.238,12,50
Unknown,home-akhil,Unknown,ieng6.ucsd.edu,128.54.70.238,12,50
Unknown,home-akhil,Unknown,ieng6.ucsd.edu,128.54.70.238,12,50
Unknown,home-akhil,Unknown,ieng6.ucsd.edu,128.54.70.238,10,50
5/26/2023,la-jolla,Unknown,ucsd.edu,75.2.44.127,56,119
5/26/2023,la-jolla,Unknown,ucsd.edu,75.2.44.127,71,119
5/26/2023,la-jolla,Unknown,ucsd.edu,75.2.44.127,86,119
5/26/2023,la-jolla,Unknown,ucsd.edu,75.2.44.127,87,119
5/26/2023,la-jolla,Unknown,ucsd.edu,75.2.44.127,90,119
5/26/2023,la-jolla,Unknown,ucsd.edu,75.2.44.127,86,119
5/26/2023,la-jolla,Unknown,ucsd.edu,75.2.44.127,73,119
5/26/2023,la-jolla,Unknown,ucsd.edu,75.2.44.127,67,119
5/26/2023,la-jolla,Unknown,ucsd.edu,75.2.44.127,57,119
5/26/2023,la-jolla,Unknown,ucsd.edu,75.2.44.127,324,119
5/26/2023,la-jolla,Unknown,ucsd.edu,75.2.44.127,233,119
5/26/2023,la-jolla,Unknown,ucsd.edu,75.2.44.127,79,119
5/26/2023,la-jolla,Unknown,ucsd.edu,75.2.44.127,77,119
5/26/2023,la-jolla,Unknown,ucsd.edu,75.2.44.127,179,119
5/26/2023,la-jolla,Unknown,ucsd.edu,75.2.44.127,96,119
5/26/2023,la-jolla,Unknown,ucsd.edu,99.83.137.54,64,118
5/26/2023,la-jolla,Unknown,ucsd.edu,99.83.137.54,72,118
5/26/2023,la-jolla,Unknown,ucsd.edu,99.83.137.54,72,118
5/26/2023,la-jolla,Unknown,ucsd.edu,99.83.137.54,70,118
5/26/2023,la-jolla,Unknown,ucsd.edu,99.83.137.54,76,118
5/26/2023,la-jolla,Unknown,ucsd.edu,99.83.137.54,60,118
5/26/2023,la-jolla,Unknown,ucsd.edu,99.83.137.54,73,118
5/26/2023,la-jolla,Unknown,ucsd.edu,99.83.137.54,56,118
5/26/2023,la-jolla,Unknown,ucsd.edu,99.83.137.54,55,118
5/26/2023,la-jolla,Unknown,ucsd.edu,99.83.137.54,64,118
5/26/2023,la-jolla,Unknown,ucsd.edu,99.83.137.54,39,118
5/26/2023,la-jolla,Unknown,ucsd.edu,99.83.137.54,47,118
5/26/2023,la-jolla,Unknown,ucsd.edu,99.83.137.54,43,118
5/26/2023,la-jolla,Unknown,ucsd.edu,99.83.137.54,36,118
5/26/2023,la-jolla,Unknown,ucsd.edu,99.83.137.54,66,118
5/26/2023,la-jolla,Unknown,ieng6.ucsd.edu,128.54.70.238,44,48
5/26/2023,la-jolla,Unknown,ieng6.ucsd.edu,128.54.70.238,74,48
5/26/2023,la-jolla,Unknown,ieng6.ucsd.edu,128.54.70.238,56,48
5/26/2023,la-jolla,Unknown,ieng6.ucsd.edu,128.54.70.238,61,48
5/26/2023,la-jolla,Unknown,ieng6.ucsd.edu,128.54.70.238,62,48
5/26/2023,la-jolla,Unknown,ieng6.ucsd.edu,128.54.70.238,64,48
5/26/2023,la-jolla,Unknown,ieng6.ucsd.edu,128.54.70.238,46,48
5/26/2023,la-jolla,Unknown,ieng6.ucsd.edu,128.54.70.238,45,48
5/26/2023,la-jolla,Unknown,ieng6.ucsd.edu,128.54.70.238,42,48
5/26/2023,la-jolla,Unknown,ieng6.ucsd.edu,128.54.70.238,59,48
5/26/2023,la-jolla,Unknown,ieng6.ucsd.edu,128.54.70.238,56,48
5/26/2023,la-jolla,Unknown,ieng6.ucsd.edu,128.54.70.238,58,48
5/26/2023,la-jolla,Unknown,ieng6.ucsd.edu,128.54.70.238,64,48
5/26/2023,la-jolla,Unknown,ieng6.ucsd.edu,128.54.70.238,74,48
5/26/2023,la-jolla,Unknown,ieng6.ucsd.edu,128.54.70.238,72,48
5/26/2023,la-jolla,Unknown,ucsd.edu,99.83.137.54,37,118
5/26/2023,la-jolla,Unknown,ucsd.edu,99.83.137.54,31,118
5/26/2023,la-jolla,Unknown,ucsd.edu,99.83.137.54,54,118
5/26/2023,la-jolla,Unknown,ucsd.edu,99.83.137.54,58,118
5/26/2023,la-jolla,Unknown,ucsd.edu,99.83.137.54,48,118
5/26/2023,la-jolla,Unknown,ucsd.edu,99.83.137.54,37,118
5/26/2023,la-jolla,Unknown,ucsd.edu,99.83.137.54,93,118
5/26/2023,la-jolla,Unknown,ucsd.edu,99.83.137.54,36,118
5/26/2023,la-jolla,Unknown,ucsd.edu,99.83.137.54,65,118
5/26/2023,la-jolla,Unknown,ucsd.edu,99.83.137.54,54,118
5/26/2023,la-jolla,Unknown,ucsd.edu,99.83.137.54,69,118
5/26/2023,la-jolla,Unknown,ucsd.edu,99.83.137.54,84,118
5/26/2023,la-jolla,Unknown,ucsd.edu,99.83.137.54,61,118
5/26/2023,la-jolla,Unknown,ucsd.edu,99.83.137.54,66,118
5/26/2023,la-jolla,Unknown,ucsd.edu,99.83.137.54,46,118
5/26/2023,la-jolla,Unknown,ieng6.ucsd.edu,128.54.70.238,45,48
5/26/2023,la-jolla,Unknown,ieng6.ucsd.edu,128.54.70.238,165,48
5/26/2023,la-jolla,Unknown,ieng6.ucsd.edu,128.54.70.238,44,48
5/26/2023,la-jolla,Unknown,ieng6.ucsd.edu,128.54.70.238,60,48
5/26/2023,la-jolla,Unknown,ieng6.ucsd.edu,128.54.70.238,62,48
5/26/2023,la-jolla,Unknown,ieng6.ucsd.edu,128.54.70.238,73,48
5/26/2023,la-jolla,Unknown,ieng6.ucsd.edu,128.54.70.238,60,48
5/26/2023,la-jolla,Unknown,ieng6.ucsd.edu,128.54.70.238,66,48
5/26/2023,la-jolla,Unknown,ieng6.ucsd.edu,128.54.70.238,60,48
5/26/2023,la-jolla,Unknown,ieng6.ucsd.edu,128.54.70.238,58,48
5/26/2023,la-jolla,Unknown,ieng6.ucsd.edu,128.54.70.238,56,48
5/26/2023,la-jolla,Unknown,ieng6.ucsd.edu,128.54.70.238,66,48
5/26/2023,la-jolla,Unknown,ieng6.ucsd.edu,128.54.70.238,56,48
5/26/2023,la-jolla,Unknown,ieng6.ucsd.edu,128.54.70.238,46,48
5/26/2023,la-jolla,Unknown,ieng6.ucsd.edu,128.54.70.238,62,48
5/26/2023,miramar,Unknown,ucsd.edu,99.83.137.54,46,118
5/26/2023,miramar,Unknown,ucsd.edu,99.83.137.54,56,118
5/26/2023,miramar,Unknown,ucsd.edu,99.83.137.54,41,118
5/26/2023,miramar,Unknown,ucsd.edu,99.83.137.54,95,118
5/26/2023,miramar,Unknown,ucsd.edu,99.83.137.54,70,118
5/26/2023,miramar,Unknown,ucsd.edu,99.83.137.54,58,118
5/26/2023,miramar,Unknown,ucsd.edu,99.83.137.54,63,118
5/26/2023,miramar,Unknown,ucsd.edu,99.83.137.54,63,118
5/26/2023,miramar,Unknown,ucsd.edu,99.83.137.54,85,118
5/26/2023,miramar,Unknown,ucsd.edu,99.83.137.54,64,118
5/26/2023,miramar,Unknown,ucsd.edu,99.83.137.54,58,118
5/26/2023,miramar,Unknown,ucsd.edu,99.83.137.54,63,118
5/26/2023,miramar,Unknown,ucsd.edu,99.83.137.54,48,118
5/26/2023,miramar,Unknown,ucsd.edu,99.83.137.54,67,118
5/26/2023,miramar,Unknown,ucsd.edu,99.83.137.54,83,118
5/26/2023,miramar,Unknown,ieng6.ucsd.edu,128.54.70.238,71,48
5/26/2023,miramar,Unknown,ieng6.ucsd.edu,128.54.70.238,70,48
5/26/2023,miramar,Unknown,ieng6.ucsd.edu,128.54.70.238,67,48
5/26/2023,miramar,Unknown,ieng6.ucsd.edu,128.54.70.238,117,48
5/26/2023,miramar,Unknown,ieng6.ucsd.edu,128.54.70.238,66,48
5/26/2023,miramar,Unknown,ieng6.ucsd.edu,128.54.70.238,104,48
5/26/2023,miramar,Unknown,ieng6.ucsd.edu,128.54.70.238,81,48
5/26/2023,miramar,Unknown,ieng6.ucsd.edu,128.54.70.238,209,48
5/26/2023,miramar,Unknown,ieng6.ucsd.edu,128.54.70.238,397,48
5/26/2023,miramar,Unknown,ieng6.ucsd.edu,128.54.70.238,934,48
5/26/2023,miramar,Unknown,ieng6.ucsd.edu,128.54.70.238,860,48
5/26/2023,miramar,Unknown,ieng6.ucsd.edu,128.54.70.238,85,48
5/26/2023,miramar,Unknown,ieng6.ucsd.edu,128.54.70.238,363,48
5/26/2023,miramar,Unknown,ieng6.ucsd.edu,128.54.70.238,474,48
5/26/2023,miramar,Unknown,ieng6.ucsd.edu,128.54.70.238,580,48
Unknown,san-airport,Unknown,ucsd.edu,75.2.44.127,7,118
Unknown,san-airport,Unknown,ucsd.edu,75.2.44.127,13,118
Unknown,san-airport,Unknown,ucsd.edu,75.2.44.127,7,118
Unknown,san-airport,Unknown,ucsd.edu,75.2.44.127,7,118
Unknown,san-airport,Unknown,ucsd.edu,75.2.44.127,20,118
Unknown,san-airport,Unknown,ucsd.edu,75.2.44.127,7,118
Unknown,san-airport,Unknown,ucsd.edu,75.2.44.127,9,118
Unknown,san-airport,Unknown,ucsd.edu,75.2.44.127,7,118
Unknown,san-airport,Unknown,ucsd.edu,75.2.44.127,15,118
Unknown,san-airport,Unknown,ucsd.edu,75.2.44.127,15,118
Unknown,san-airport,Unknown,ucsd.edu,75.2.44.127,11,118
Unknown,san-airport,Unknown,ucsd.edu,75.2.44.127,15,118
Unknown,san-airport,Unknown,ucsd.edu,75.2.44.127,130,118
Unknown,san-airport,Unknown,ieng6.ucsd.edu,128.54.70.238,13,49
Unknown,san-airport,Unknown,ieng6.ucsd.edu,128.54.70.238,25,49
Unknown,san-airport,Unknown,ieng6.ucsd.edu,128.54.70.238,14,49
Unknown,san-airport,Unknown,ieng6.ucsd.edu,128.54.70.238,17,49
Unknown,san-airport,Unknown,ieng6.ucsd.edu,128.54.70.238,12,49
Unknown,san-airport,Unknown,ieng6.ucsd.edu,128.54.70.238,23,49
Unknown,san-airport,Unknown,ieng6.ucsd.edu,128.54.70.238,16,49
Unknown,san-airport,Unknown,ieng6.ucsd.edu,128.54.70.238,18,49
Unknown,san-airport,Unknown,ieng6.ucsd.edu,128.54.70.238,14,49
Unknown,san-airport,Unknown,ieng6.ucsd.edu,128.54.70.238,16,49
Unknown,san-airport,Unknown,ieng6.ucsd.edu,128.54.70.238,13,49
Unknown,san-airport,Unknown,ieng6.ucsd.edu,128.54.70.238,18,49
Unknown,san-airport,Unknown,ieng6.ucsd.edu,128.54.70.238,24,49
Unknown,san-airport,Unknown,ieng6.ucsd.edu,128.54.70.238,21,49
Unknown,san-airport,Unknown,ucsd.edu,75.2.44.127,7,118
Unknown,san-airport,Unknown,ucsd.edu,75.2.44.127,7,118
Unknown,san-airport,Unknown,ucsd.edu,75.2.44.127,6,118
Unknown,san-airport,Unknown,ucsd.edu,75.2.44.127,26,118
Unknown,san-airport,Unknown,ucsd.edu,75.2.44.127,10,118
Unknown,san-airport,Unknown,ucsd.edu,75.2.44.127,28,118
Unknown,san-airport,Unknown,ucsd.edu,75.2.44.127,20,118
Unknown,san-airport,Unknown,ucsd.edu,75.2.44.127,77,118
Unknown,san-airport,Unknown,ucsd.edu,75.2.44.127,19,118
Unknown,san-airport,Unknown,ucsd.edu,75.2.44.127,7,118
Unknown,san-airport,Unknown,ucsd.edu,75.2.44.127,5,118
Unknown,san-airport,Unknown,ucsd.edu,75.2.44.127,10,118
Unknown,san-airport,Unknown,ucsd.edu,75.2.44.127,7,118
Unknown,san-airport,Unknown,ucsd.edu,75.2.44.127,13,118
Unknown,san-airport,Unknown,ieng6.ucsd.edu,128.54.70.238,50,48
Unknown,san-airport,Unknown,ieng6.ucsd.edu,128.54.70.238,60,48
Unknown,san-airport,Unknown,ieng6.ucsd.edu,128.54.70.238,76,48
Unknown,san-airport,Unknown,ieng6.ucsd.edu,128.54.70.238,71,48
Unknown,san-airport,Unknown,ieng6.ucsd.edu,128.54.70.238,57,48
Unknown,san-airport,Unknown,ieng6.ucsd.edu,128.54.70.238,52,48
Unknown,san-airport,Unknown,ieng6.ucsd.edu,128.54.70.238,79,48
Unknown,san-airport,Unknown,ieng6.ucsd.edu,128.54.70.238,67,48
Unknown,san-airport,Unknown,ieng6.ucsd.edu,128.54.70.238,62,48
Unknown,san-airport,Unknown,ieng6.ucsd.edu,128.54.70.238,76,48
Unknown,san-airport,Unknown,ieng6.ucsd.edu,128.54.70.238,55,48
Unknown,san-airport,Unknown,ieng6.ucsd.edu,128.54.70.238,73,48
Unknown,san-airport,Unknown,ieng6.ucsd.edu,128.54.70.238,56,48
Unknown,san-airport,Unknown,ieng6.ucsd.edu,128.54.70.238,38,48
Unknown,san-airport,Unknown,ieng6.ucsd.edu,128.54.70.238,47,48
